Postcode,Total Installations,Total SGU Rated Output In kW
0000,4,4.460
0200,1,0.080
0800,31,302.670
0801,4,11.460
0803,1,6.120
0804,10,37.865
0810,756,3099.090
0811,2,9.000
0812,421,1576.136
0813,4,71.449
0814,3,13.060
0820,174,1202.805
0821,3,26.740
0822,173,1177.406
0828,22,414.320
0829,4,19.450
0830,454,1748.633
0831,7,26.330
0832,330,1182.519
0834,46,236.880
0835,149,619.070
0836,318,1443.525
0837,14,60.500
0838,30,109.935
0840,21,95.245
0841,8,24.915
0845,32,161.371
0846,16,55.340
0847,7,144.835
0850,199,1434.325
0851,32,134.910
0852,49,343.635
0854,6,33.055
0860,54,304.596
0861,18,106.495
0862,6,70.015
0870,1227,5319.103
0871,52,379.225
0872,80,541.841
0873,7,52.000
0874,2,44.500
0875,7,30.078
0880,11,153.431
0881,12,107.730
0885,1,7.410
0886,8,71.700
1340,1,1.140
1355,1,1.020
1435,1,1.540
1470,1,1.520
1475,1,2.100
1480,2,4.880
1485,1,2.000
1490,1,1.510
1495,1,4.750
1570,2,11.150
1595,2,4.140
1630,1,5.000
1658,1,5.040
1660,1,3.500
1670,1,4.440
1680,1,4.180
1715,2,3.010
1730,3,8.000
1741,1,10.000
1755,1,1.980
1765,6,15.420
1790,1,1.520
1800,1,4.200
1805,2,14.720
1830,1,6.080
1835,1,1.140
1848,1,1.040
1860,3,25.420
1871,1,1.520
1875,1,1.610
1885,5,13.290
1890,4,11.380
2000,15,250.537
2007,17,104.980
2008,36,247.585
2009,7,18.640
2010,95,332.718
2011,20,65.434
2015,104,699.892
2016,64,145.346
2017,33,284.035
2018,175,491.635
2019,182,997.845
2020,178,602.694
2021,83,222.953
2022,125,332.890
2023,91,370.150
2024,162,444.460
2025,54,149.649
2026,242,642.638
2027,33,135.580
2028,21,57.775
2029,75,282.723
2030,172,585.014
2031,314,939.689
2032,169,455.087
2033,95,296.032
2034,197,529.079
2035,541,1426.741
2036,547,1516.433
2037,135,436.183
2038,150,344.300
2039,120,386.676
2040,391,989.096
2041,223,566.367
2042,246,628.376
2043,66,137.439
2044,217,717.717
2045,89,302.835
2046,403,1050.764
2047,122,333.692
2048,105,343.929
2049,169,463.209
2050,87,255.454
2055,1,2.400
2057,10,20.115
2059,1,8.360
2060,86,292.080
2061,11,58.470
2062,61,163.689
2063,162,460.848
2064,100,392.556
2065,316,863.805
2066,615,1824.943
2067,330,871.547
2068,369,1036.874
2069,332,979.267
2070,280,770.158
2071,253,811.273
2072,112,388.421
2073,324,1049.587
2074,564,1540.775
2075,387,1088.678
2076,580,1832.130
2077,735,2116.713
2079,252,615.323
2080,75,239.090
2081,279,659.245
2082,251,620.760
2083,107,326.335
2084,156,570.523
2085,476,1398.096
2086,453,1144.284
2087,438,1222.010
2088,325,1018.017
2089,30,71.750
2090,105,287.511
2092,189,576.903
2093,460,1245.540
2094,81,185.025
2095,138,430.253
2096,280,762.331
2097,415,981.412
2099,766,1998.303
2100,603,1770.513
2101,477,1285.273
2102,211,529.074
2103,269,843.829
2104,97,277.260
2105,47,135.934
2106,184,477.909
2107,357,990.108
2108,57,185.185
2109,1,21.120
2110,174,528.148
2111,287,795.610
2112,634,1669.849
2113,415,1285.456
2114,479,1291.381
2115,268,659.138
2116,154,562.893
2117,500,1296.528
2118,913,2001.963
2119,318,815.890
2120,580,1609.329
2121,767,1742.367
2122,855,1940.216
2123,1,3.420
2124,3,4.540
2125,807,2049.237
2126,896,1994.514
2127,22,410.095
2128,62,621.285
2130,80,305.570
2131,278,731.281
2132,219,529.908
2133,215,506.614
2134,213,700.085
2135,447,1287.560
2136,160,432.023
2137,455,1205.132
2138,209,626.355
2140,115,360.379
2141,821,2064.118
2142,465,1260.154
2143,286,710.290
2144,675,2102.439
2145,2442,5785.943
2146,696,1621.955
2147,1743,4233.970
2148,2582,6774.029
2150,149,471.820
2151,467,1222.959
2152,308,756.296
2153,2726,6989.952
2154,1598,4359.386
2155,2778,7353.226
2156,738,2326.353
2157,157,604.148
2158,276,1177.059
2159,223,783.589
2160,703,1797.384
2161,653,1787.928
2162,559,1494.545
2163,240,911.154
2164,846,3746.961
2165,1282,3305.713
2166,1927,4725.583
2167,474,1122.492
2168,1768,4161.282
2170,3819,10102.493
2171,1426,3898.739
2172,135,362.926
2173,661,1454.951
2174,53,255.630
2175,79,472.714
2176,2248,5878.932
2177,739,1859.486
2178,174,850.005
2179,144,620.820
2190,663,2116.990
2191,133,365.855
2192,230,614.764
2193,370,949.533
2194,294,727.986
2195,307,713.246
2196,679,1641.798
2197,284,733.926
2198,266,622.737
2199,501,1309.529
2200,920,2841.312
2203,238,532.838
2204,457,1711.727
2205,226,578.507
2206,425,1036.950
2207,593,1567.349
2208,314,1016.736
2209,470,1089.381
2210,867,2233.755
2211,484,1218.372
2212,456,1395.294
2213,652,1617.523
2214,192,821.249
2216,319,814.444
2217,395,1192.778
2218,264,673.555
2219,268,708.795
2220,517,1249.402
2221,373,1078.583
2222,206,446.790
2223,528,1372.957
2224,305,884.099
2225,134,325.285
2226,401,961.323
2227,324,873.302
2228,342,907.726
2229,573,2106.866
2230,519,1447.930
2231,86,266.533
2232,808,2232.285
2233,1080,2853.982
2234,1114,3289.733
2250,3124,8775.793
2251,1522,3467.834
2256,719,1821.515
2257,1149,2797.661
2258,226,705.502
2259,3602,9400.007
2260,877,2231.519
2261,1913,4719.041
2262,1033,2577.170
2263,1242,2854.654
2264,934,2174.558
2265,446,1168.985
2267,164,539.900
2278,156,440.838
2280,1324,3329.483
2281,662,1744.308
2282,836,2323.619
2283,1317,3448.340
2284,579,1636.326
2285,1523,4456.476
2286,193,601.855
2287,1789,4390.280
2289,742,1864.259
2290,1461,4229.833
2291,503,1345.551
2292,103,403.078
2293,80,229.330
2294,54,142.741
2295,275,620.148
2296,83,233.290
2297,94,205.367
2298,342,974.259
2299,436,1229.400
2300,238,934.770
2302,8,124.740
2303,380,1010.768
2304,668,2156.564
2305,542,1338.417
2306,38,188.210
2307,172,401.553
2308,2,13.720
2311,59,211.455
2312,117,345.044
2315,956,2205.242
2316,342,970.100
2317,415,1258.894
2318,708,2072.230
2319,440,1101.349
2320,1596,6094.471
2321,803,2408.351
2322,1055,3809.835
2323,1301,3682.431
2324,1804,4915.581
2325,1397,4615.659
2326,368,1110.535
2327,347,1000.205
2328,140,701.774
2329,97,398.350
2330,1131,4440.690
2333,531,1954.008
2334,147,452.775
2335,353,1260.189
2336,141,534.734
2337,333,1369.125
2338,83,277.290
2339,50,234.655
2340,2394,9362.204
2341,82,267.210
2342,24,122.971
2343,254,1003.632
2344,52,182.033
2345,51,191.670
2346,202,724.070
2347,122,457.110
2350,1366,4822.217
2352,177,565.059
2353,107,314.044
2354,197,819.015
2355,40,100.745
2356,10,43.548
2357,665,1878.990
2358,255,922.955
2359,63,189.693
2360,934,3796.337
2361,87,364.895
2365,221,867.529
2369,54,176.965
2370,499,1937.362
2371,130,558.328
2372,417,1334.916
2379,15,96.210
2380,569,2383.942
2381,84,349.075
2382,77,314.060
2386,23,106.924
2387,13,47.840
2388,354,1134.065
2390,1314,3719.611
2395,57,183.175
2396,169,382.512
2397,53,236.975
2398,20,93.355
2399,54,421.905
2400,1154,4316.403
2401,17,70.535
2402,130,515.870
2403,45,150.520
2404,132,507.303
2405,54,259.066
2406,91,317.955
2408,25,203.600
2409,29,163.580
2410,12,39.715
2411,13,86.248
2415,47,230.770
2420,261,893.062
2421,142,606.025
2422,492,1596.168
2423,297,889.153
2424,43,129.990
2425,159,508.520
2426,60,204.929
2427,408,926.730
2428,1915,4568.748
2429,824,2452.167
2430,2695,8050.504
2431,537,1243.130
2439,316,874.803
2440,1472,5032.597
2441,526,1534.194
2443,1287,3210.437
2444,3532,9772.643
2445,615,1458.150
2446,1215,3725.729
2447,588,1700.103
2448,917,2169.302
2449,204,579.848
2450,2761,8302.892
2452,988,2549.876
2453,290,919.476
2454,843,2224.044
2455,265,667.682
2456,1243,3337.654
2460,2379,8304.936
2462,265,736.254
2463,632,2082.384
2464,782,1880.751
2465,19,48.000
2466,185,560.455
2469,343,1007.162
2470,1267,4050.702
2471,238,763.441
2472,251,660.366
2473,406,1011.655
2474,731,1983.010
2475,22,92.575
2476,50,191.350
2477,1476,3830.762
2478,2839,7548.435
2479,525,1754.962
2480,4638,12872.637
2481,1127,3655.545
2482,869,2235.833
2483,1174,3059.710
2484,2164,6380.078
2485,1109,2584.406
2486,3712,9288.642
2487,1214,3277.692
2488,299,793.685
2489,804,2029.152
2490,72,207.790
2500,777,2238.515
2502,418,1034.257
2505,172,473.637
2506,225,561.325
2508,349,851.323
2515,592,1487.357
2516,267,740.498
2517,521,1293.457
2518,666,1663.081
2519,559,1668.627
2520,5,49.840
2525,438,1192.021
2526,692,2373.943
2527,1104,3027.717
2528,994,2292.174
2529,1222,3306.014
2530,1723,4383.913
2533,887,2232.722
2534,383,1078.093
2535,556,1785.901
2536,1173,3489.656
2537,940,2721.992
2538,186,496.870
2539,1312,3244.248
2540,3084,7887.366
2541,1269,3859.343
2545,109,349.818
2546,822,2345.352
2548,541,1591.378
2549,320,912.944
2550,1707,4499.367
2551,243,877.885
2552,1,0.560
2555,2,4.070
2556,96,383.929
2557,223,818.125
2558,621,1376.630
2559,22,61.554
2560,3682,9153.910
2563,7,13.560
2564,595,1284.972
2565,884,2817.074
2566,1581,4087.046
2567,1827,5608.630
2568,112,288.515
2569,106,336.275
2570,1661,5003.846
2571,732,2358.301
2572,256,721.435
2573,234,552.682
2574,366,1024.857
2575,873,2483.781
2576,620,1980.964
2577,887,3091.762
2578,220,579.284
2579,349,1108.435
2580,1446,4646.997
2581,190,780.853
2582,881,3749.014
2583,312,1070.551
2584,49,208.026
2585,13,77.655
2586,242,869.023
2587,237,1064.288
2588,42,209.120
2590,453,1894.783
2594,732,2946.990
2600,280,938.696
2601,6,170.760
2602,1224,3593.964
2603,250,1034.601
2604,204,586.204
2605,502,1470.623
2606,370,1128.689
2607,634,1995.977
2609,28,455.708
2611,1351,3964.980
2612,236,771.460
2614,961,2760.762
2615,2013,5623.600
2616,5,44.120
2617,1275,3735.798
2618,106,628.692
2619,341,1199.341
2620,1661,7340.510
2621,468,1878.910
2622,373,1125.222
2623,31,83.745
2624,2,15.150
2625,3,10.430
2626,32,93.285
2627,229,888.232
2628,116,465.980
2629,20,87.220
2630,557,1813.865
2631,38,108.555
2632,123,298.305
2633,17,45.940
2640,2479,8388.887
2641,915,2950.355
2642,471,1973.065
2643,364,1734.500
2644,233,1082.595
2645,39,176.130
2646,799,3915.204
2647,298,1427.447
2648,155,688.922
2649,3,6.770
2650,2651,10553.261
2651,57,281.780
2652,309,1408.212
2653,211,815.559
2655,141,647.304
2656,119,523.841
2658,141,657.140
2659,102,486.584
2660,154,609.125
2663,254,861.356
2665,121,605.534
2666,351,1551.610
2668,30,97.620
2669,113,553.838
2671,283,1211.660
2672,102,678.215
2675,107,791.685
2680,1140,6749.139
2681,120,632.035
2700,322,1402.311
2701,153,567.995
2702,76,297.058
2703,52,264.033
2705,497,2674.050
2706,99,496.505
2707,96,588.540
2710,754,3557.543
2711,193,1086.288
2712,141,754.910
2713,260,1324.220
2714,353,1453.062
2715,43,269.180
2716,150,706.465
2717,42,202.992
2720,474,1741.242
2721,11,59.850
2722,237,982.124
2725,27,74.975
2726,11,60.160
2727,20,79.400
2729,119,417.594
2730,114,397.480
2731,531,2025.108
2732,194,1387.318
2733,47,283.820
2734,24,327.010
2735,52,369.120
2736,30,288.135
2737,27,204.640
2738,93,433.925
2739,82,532.259
2745,1433,4326.312
2747,1659,4427.932
2748,125,625.401
2749,767,2269.805
2750,1948,5734.850
2751,6,24.217
2752,260,830.552
2753,750,2419.666
2754,244,800.200
2756,1396,5144.099
2757,26,78.285
2758,461,1535.559
2759,1300,3207.165
2760,1176,3076.606
2761,1686,3949.724
2762,178,463.488
2763,1531,3515.566
2765,596,2049.309
2766,706,2505.198
2767,1699,3389.042
2768,1767,4111.138
2769,631,1782.102
2770,2118,5185.901
2773,351,875.768
2774,756,1953.762
2775,112,352.248
2776,295,705.451
2777,1166,2942.831
2778,206,465.248
2779,316,747.274
2780,739,1803.145
2782,384,913.403
2783,187,454.761
2784,106,213.615
2785,330,730.781
2786,93,224.383
2787,277,1056.409
2790,766,2336.090
2791,30,146.750
2792,28,126.516
2793,79,238.596
2794,583,2181.783
2795,2095,7985.380
2797,22,76.820
2798,135,528.586
2799,180,730.931
2800,2120,8467.465
2803,28,94.750
2804,246,870.055
2805,32,129.358
2806,45,181.895
2807,32,85.846
2808,16,43.710
2809,19,89.055
2810,205,754.773
2817,3,16.520
2818,33,103.875
2820,370,1380.625
2821,509,1839.245
2822,4,15.000
2823,133,478.070
2824,233,984.005
2825,167,693.755
2826,12,64.190
2827,367,1166.603
2828,48,247.100
2829,257,1134.075
2830,4547,11720.065
2831,343,1029.570
2832,157,742.460
2833,70,259.025
2834,307,752.865
2835,385,1248.055
2836,47,151.045
2839,36,252.045
2840,214,1244.199
2842,76,215.490
2843,51,226.820
2844,98,290.235
2845,91,292.400
2846,41,103.120
2847,185,576.930
2848,76,305.189
2849,132,461.989
2850,1019,3925.444
2852,201,720.174
2864,80,323.054
2865,126,423.135
2866,214,904.697
2867,53,304.526
2868,47,217.458
2869,139,584.985
2870,893,4002.638
2871,525,2507.115
2873,67,291.340
2874,66,248.340
2875,65,291.379
2876,32,165.550
2877,314,1823.448
2878,19,50.300
2879,76,296.035
2880,2644,7131.778
2898,32,129.373
2899,541,1636.268
2900,54,157.840
2901,1,3.500
2902,850,2426.190
2903,459,1359.516
2904,849,2179.326
2905,1308,3785.967
2906,743,2139.404
2911,103,486.667
2912,151,459.426
2913,1285,3622.324
2914,847,2474.579
3000,21,133.846
3002,23,156.704
3003,38,151.565
3004,5,53.070
3006,8,74.045
3008,75,385.420
3011,459,1502.690
3012,697,2246.288
3013,492,1261.407
3015,506,1393.970
3016,447,1266.361
3018,697,1844.319
3019,264,896.145
3020,1838,4633.483
3021,1983,5172.160
3022,135,340.459
3023,3446,9313.175
3024,1359,3671.156
3025,328,801.661
3026,25,582.980
3027,349,958.300
3028,1383,3631.596
3029,5444,14913.822
3030,4872,13975.282
3031,367,1052.072
3032,704,1993.150
3033,534,1500.476
3034,397,1134.977
3036,245,795.160
3037,2453,7258.395
3038,1336,4125.051
3039,340,1087.710
3040,631,1809.947
3041,355,1038.611
3042,523,1723.222
3043,781,2423.888
3044,703,1799.025
3045,4,94.630
3046,862,2354.279
3047,572,1872.037
3048,669,1949.709
3049,377,1145.761
3051,95,284.270
3052,51,131.999
3053,53,189.075
3054,146,349.482
3055,328,876.128
3056,559,1485.861
3057,220,681.446
3058,1204,3763.716
3059,758,2740.115
3060,342,1009.985
3061,198,1404.020
3062,4,118.960
3063,33,153.330
3064,3352,10103.921
3065,118,278.665
3066,73,246.900
3067,96,396.491
3068,453,1164.824
3070,872,2209.618
3071,517,1369.000
3072,970,2745.859
3073,1571,3935.329
3074,747,2747.463
3075,754,2181.365
3076,1526,4027.836
3078,414,1157.977
3079,458,1347.902
3081,305,924.697
3082,1155,3264.637
3083,1295,3463.343
3084,842,2380.778
3085,456,1190.474
3087,295,761.887
3088,939,2592.718
3089,479,1441.601
3090,86,341.245
3091,89,350.155
3093,136,456.340
3094,286,757.503
3095,958,2872.245
3096,94,261.385
3097,99,347.120
3099,275,820.144
3101,524,1646.002
3102,185,459.114
3103,370,1077.370
3104,484,1440.315
3105,343,988.034
3106,639,1855.633
3107,398,1096.264
3108,542,1410.765
3109,760,2145.192
3111,507,1428.548
3113,434,1388.793
3114,149,502.891
3115,172,571.790
3116,452,1277.773
3121,385,1234.334
3122,264,820.265
3123,206,579.301
3124,496,1395.032
3125,466,1089.947
3126,158,448.090
3127,479,1255.314
3128,456,1293.878
3129,478,1126.211
3130,1080,2716.730
3131,801,2209.101
3132,487,1280.833
3133,1004,2458.973
3134,1116,3200.334
3135,704,1793.073
3136,1588,4208.193
3137,676,2438.218
3138,1002,2780.836
3139,815,2768.167
3140,797,2410.465
3141,120,433.212
3142,94,374.809
3143,108,327.576
3144,167,561.089
3145,480,1458.377
3146,550,1776.974
3147,454,1241.555
3148,266,670.805
3149,1221,3229.180
3150,2513,6655.353
3151,405,941.368
3152,1387,3834.341
3153,930,3448.740
3154,190,551.330
3155,937,2437.711
3156,1868,5220.566
3158,234,629.892
3159,102,276.132
3160,321,865.366
3161,171,556.972
3162,348,1062.853
3163,632,1571.469
3164,13,333.650
3165,766,2101.520
3166,641,1963.970
3167,330,941.108
3168,348,1156.945
3169,608,1688.024
3170,755,2293.094
3171,850,2468.246
3172,914,2632.089
3173,1439,4382.134
3174,1183,3186.948
3175,1621,6066.320
3177,380,934.504
3178,1952,5225.687
3179,301,948.548
3180,416,1130.875
3181,136,384.329
3182,137,432.528
3183,166,412.685
3184,170,469.780
3185,223,624.088
3186,473,1584.245
3187,527,1282.214
3188,454,1280.832
3189,182,617.389
3190,235,645.470
3191,264,768.965
3192,595,1815.710
3193,514,1571.826
3194,285,867.940
3195,1368,4434.035
3196,955,2469.373
3197,642,1573.165
3198,861,2263.168
3199,2299,5875.198
3200,217,520.075
3201,1145,3139.691
3202,94,263.071
3204,770,2091.888
3205,88,263.559
3206,148,486.104
3207,154,544.167
3211,131,523.786
3212,1071,3292.325
3213,148,730.690
3214,1202,2912.534
3215,903,2860.391
3216,2880,8155.715
3217,110,420.210
3218,476,1329.990
3219,1142,2994.837
3220,574,1928.555
3221,406,1139.666
3222,1015,3064.328
3223,695,1925.482
3224,884,2830.786
3225,405,1138.944
3226,942,2858.811
3227,359,1180.705
3228,1051,3267.084
3230,300,981.601
3231,136,386.704
3232,62,177.569
3233,150,421.230
3234,5,17.270
3235,32,105.585
3236,21,52.710
3237,14,56.577
3238,26,72.660
3239,27,103.880
3240,160,603.625
3241,178,576.668
3242,65,232.795
3243,22,73.940
3249,217,705.919
3250,591,2087.791
3251,34,127.335
3254,28,76.940
3260,209,763.887
3264,105,433.300
3265,133,469.251
3266,162,611.697
3267,8,41.620
3268,127,457.995
3269,37,157.317
3270,14,49.570
3271,10,34.460
3272,89,315.595
3273,3,10.280
3274,18,60.010
3275,22,87.396
3276,16,52.720
3277,87,357.050
3278,12,44.630
3279,17,65.250
3280,1115,3835.506
3281,113,445.128
3282,117,381.634
3283,71,256.462
3284,180,667.636
3285,77,246.250
3286,30,109.751
3287,24,89.022
3289,55,186.442
3292,23,52.510
3293,23,68.481
3294,52,225.209
3300,451,1679.077
3301,60,213.037
3302,22,79.440
3303,14,70.470
3304,179,627.938
3305,804,2515.293
3309,5,18.370
3310,17,59.700
3311,113,404.837
3312,53,174.850
3314,39,118.571
3315,97,327.385
3317,6,12.890
3318,84,329.121
3319,15,51.446
3321,122,381.265
3322,8,22.265
3323,2,11.000
3324,34,101.880
3325,45,168.220
3328,144,405.747
3329,13,40.665
3330,10,35.600
3331,469,1487.398
3332,92,359.392
3333,66,230.172
3334,36,105.216
3335,160,719.812
3337,2088,6086.086
3338,1135,3359.026
3340,1312,4024.951
3341,146,470.542
3342,299,911.091
3345,114,403.637
3350,2065,6520.537
3351,593,2060.328
3352,1065,3832.367
3353,10,21.180
3354,1,4.000
3355,443,1575.383
3356,653,2211.159
3357,230,742.427
3360,49,142.410
3361,41,142.405
3363,230,674.844
3364,168,597.634
3370,151,488.350
3371,115,361.060
3373,176,643.357
3374,44,180.575
3375,12,54.010
3377,515,1562.102
3378,4,20.030
3379,40,146.140
3380,345,1166.803
3381,98,315.803
3384,42,149.932
3385,55,195.205
3387,38,151.550
3388,46,149.595
3390,87,264.897
3391,17,65.550
3392,54,185.065
3393,206,676.350
3395,59,198.627
3396,69,192.915
3400,834,3339.413
3401,395,1498.641
3402,20,66.780
3407,32,105.798
3409,117,284.670
3412,33,73.100
3413,14,52.672
3414,184,605.130
3418,293,1138.536
3419,102,321.202
3420,22,75.560
3423,41,128.624
3424,55,180.805
3427,159,496.849
3428,45,198.661
3429,1876,5446.889
3430,20,77.480
3431,314,1059.397
3432,20,82.840
3433,18,57.875
3434,339,1048.317
3435,224,725.914
3437,604,2123.009
3438,134,447.059
3440,115,336.406
3441,53,183.566
3442,517,1764.587
3444,673,2326.049
3446,96,282.234
3447,60,182.033
3448,119,376.792
3450,742,1891.745
3451,480,1307.179
3453,214,720.052
3458,180,565.453
3460,210,585.642
3461,417,1160.959
3462,147,368.010
3463,329,974.005
3464,107,317.840
3465,864,2900.900
3467,115,387.426
3468,30,74.060
3469,22,60.470
3472,196,534.600
3475,34,98.745
3477,84,270.068
3478,219,865.947
3480,110,466.555
3482,11,27.240
3483,67,274.765
3485,26,100.355
3487,11,30.170
3488,9,31.390
3489,4,15.655
3490,98,405.955
3491,8,23.500
3494,26,106.877
3496,364,1491.344
3498,286,1234.888
3500,1378,6125.441
3501,178,772.338
3502,29,212.470
3505,358,1573.805
3507,17,66.940
3509,24,92.410
3512,41,150.470
3515,131,570.520
3516,72,208.161
3517,162,423.864
3518,150,471.757
3520,16,38.560
3521,59,200.092
3522,44,153.412
3523,459,1408.955
3525,155,601.318
3527,70,251.250
3529,6,28.020
3530,7,13.695
3531,12,34.050
3533,71,243.170
3537,100,357.215
3540,42,120.800
3542,7,26.330
3544,25,122.960
3546,46,190.305
3549,133,683.775
3550,2236,7142.724
3551,2374,8182.433
3552,20,66.185
3554,2,6.390
3555,1174,3600.773
3556,855,2437.824
3557,72,282.844
3558,118,436.330
3559,35,122.230
3561,475,1667.096
3562,28,109.520
3563,71,244.230
3564,1310,5166.931
3565,9,80.440
3566,47,174.225
3567,56,213.970
3568,251,1009.180
3570,89,268.520
3571,32,112.197
3572,5,26.400
3573,25,149.810
3575,65,244.870
3576,4,19.740
3579,522,1953.148
3580,97,301.995
3581,22,73.110
3583,12,47.145
3584,70,276.960
3585,735,3216.517
3586,70,353.753
3588,35,133.715
3589,26,133.858
3590,31,141.130
3591,9,35.170
3594,61,196.530
3595,73,243.235
3596,5,122.250
3597,22,133.542
3599,18,72.640
3607,11,39.295
3608,251,767.090
3610,175,503.364
3612,211,590.015
3614,104,382.510
3616,450,1338.810
3617,14,51.810
3618,67,212.700
3619,57,190.755
3620,731,2374.632
3621,227,801.490
3622,38,158.690
3623,93,305.270
3624,52,175.475
3629,673,2078.504
3630,1810,6150.072
3631,943,3108.488
3632,33,329.180
3633,83,310.000
3634,179,693.967
3635,59,166.675
3636,569,1913.230
3637,64,251.572
3638,212,917.065
3639,55,157.803
3640,120,778.805
3641,147,619.285
3643,29,81.350
3644,910,3729.342
3646,67,215.905
3647,2,34.950
3649,45,153.575
3658,550,1784.887
3659,84,295.475
3660,603,1966.071
3661,24,70.244
3662,3,17.220
3663,21,76.212
3664,96,333.747
3665,43,106.855
3666,535,1602.872
3669,142,440.880
3670,77,267.870
3671,46,240.740
3672,685,2197.327
3673,200,668.633
3675,235,820.600
3676,107,329.740
3677,1290,4386.760
3678,784,3038.118
3682,79,265.430
3683,210,649.825
3685,357,1294.756
3687,124,358.706
3688,171,561.408
3689,71,182.146
3690,1957,6551.764
3691,831,2947.652
3694,15,97.894
3695,60,224.723
3697,76,276.169
3698,125,333.351
3699,72,234.265
3700,148,491.378
3701,140,535.615
3704,5,13.055
3705,44,188.460
3707,259,953.075
3708,9,27.160
3709,66,285.678
3711,67,242.910
3712,36,170.870
3713,131,342.245
3714,368,1234.953
3715,28,68.478
3717,301,1103.616
3718,8,39.920
3719,55,156.315
3720,80,274.037
3722,401,1595.611
3723,291,981.542
3724,10,41.255
3725,64,211.080
3726,55,181.435
3727,41,121.655
3728,80,257.530
3730,965,3422.806
3732,81,269.962
3733,16,45.665
3735,56,222.025
3736,25,83.030
3737,366,1478.663
3738,22,81.310
3739,26,148.710
3740,112,407.479
3741,307,976.587
3744,50,140.813
3746,71,221.074
3747,564,1866.665
3749,240,751.760
3750,278,930.110
3751,6,28.535
3752,1018,2973.526
3753,89,304.227
3754,1517,4584.571
3755,18,49.430
3756,751,2318.501
3757,553,1744.479
3758,175,573.459
3759,86,328.386
3760,43,149.611
3761,100,323.033
3762,12,50.470
3763,153,426.587
3764,553,1782.983
3765,297,975.294
3766,33,89.305
3767,25,65.105
3770,208,778.980
3775,268,809.082
3777,682,1897.045
3778,18,59.940
3779,47,193.355
3781,187,512.942
3782,376,1067.028
3783,154,467.041
3786,50,136.840
3787,19,55.260
3788,51,171.881
3789,7,17.080
3791,39,139.261
3792,47,115.339
3793,188,604.111
3795,100,412.176
3796,418,1132.983
3797,231,715.160
3799,334,922.750
3802,1261,3439.687
3803,588,2252.266
3804,475,1884.779
3805,3222,9239.668
3806,2465,7108.550
3807,390,1267.313
3808,191,700.388
3809,211,740.579
3810,2358,7316.993
3812,164,633.022
3813,54,156.956
3814,142,483.104
3815,207,715.015
3816,187,581.226
3818,1066,3008.288
3820,978,3027.401
3821,265,914.518
3822,87,316.443
3823,192,645.782
3824,340,1104.441
3825,1512,4828.918
3831,178,566.465
3832,23,71.330
3833,37,101.661
3835,33,141.860
3840,961,3232.627
3842,296,910.967
3844,1597,5386.948
3847,171,514.405
3850,847,3086.198
3851,725,2119.667
3852,1,4.500
3853,7,27.100
3854,98,344.420
3856,102,337.395
3857,47,135.585
3858,290,820.534
3859,74,408.867
3860,594,1805.885
3862,298,1069.346
3864,26,111.520
3865,54,199.951
3869,152,504.735
3870,177,453.603
3871,280,930.981
3873,34,133.245
3874,84,270.080
3875,1429,4989.325
3878,125,415.904
3880,383,1111.728
3882,113,366.722
3885,206,656.700
3886,31,111.050
3887,34,171.514
3888,303,975.651
3889,12,29.150
3890,24,77.562
3891,29,76.505
3892,181,387.292
3893,2,16.320
3895,15,52.890
3896,26,121.610
3898,53,151.069
3900,14,41.940
3902,31,108.902
3903,84,338.325
3904,167,532.635
3909,792,2588.600
3910,1246,3629.144
3911,194,733.184
3912,979,2920.640
3913,228,693.626
3915,483,1462.170
3916,108,445.345
3918,297,898.348
3919,192,524.475
3921,39,85.211
3922,712,2077.518
3923,79,217.567
3925,295,924.861
3926,278,995.786
3927,142,421.912
3928,42,212.896
3929,115,388.705
3930,755,2438.277
3931,1396,3475.102
3933,75,539.954
3934,1053,2779.450
3936,676,1983.150
3937,128,502.550
3938,216,583.073
3939,1011,2763.512
3940,227,584.986
3941,806,2221.545
3942,188,514.096
3943,170,510.243
3944,66,236.827
3945,104,351.071
3946,24,79.905
3950,349,1193.994
3951,90,303.272
3953,586,2021.310
3954,44,164.930
3956,396,1169.820
3957,29,98.702
3958,14,44.165
3959,223,597.855
3960,341,1016.565
3962,131,377.885
3964,20,65.600
3965,32,98.751
3966,44,122.270
3967,16,50.580
3971,405,1286.092
3975,1061,3176.813
3976,1384,3527.530
3977,5008,14227.569
3978,263,1027.004
3979,32,134.470
3980,253,798.442
3981,312,966.398
3984,500,1523.091
3987,136,417.718
3988,101,351.735
3990,17,66.320
3991,46,140.857
3992,88,299.655
3995,818,2640.720
3996,564,1682.893
4000,122,410.984
4001,11,114.066
4002,1,7.905
4004,7,27.420
4005,283,1039.304
4006,183,940.885
4007,336,1208.125
4008,28,290.750
4009,18,281.645
4010,115,375.504
4011,727,2551.427
4012,1250,3827.683
4013,303,971.080
4014,1261,3898.404
4017,4084,11625.612
4018,1085,2860.903
4019,1745,5106.236
4020,2113,6333.732
4021,1108,3071.871
4022,956,2483.727
4025,151,336.040
4030,768,2437.270
4031,766,2430.193
4032,870,2481.559
4034,4081,12182.689
4035,3153,10225.942
4036,821,2436.956
4037,1013,3461.212
4051,1561,4965.280
4053,3684,11130.959
4054,1389,3990.448
4055,2423,7481.759
4059,489,1459.706
4060,851,2788.041
4061,1680,5250.945
4062,1,1.500
4063,1,1.250
4064,468,1558.772
4065,610,1853.433
4066,547,1856.933
4067,286,944.570
4068,1083,3575.105
4069,3227,10955.355
4070,1409,4397.424
4073,1173,3912.455
4074,3069,9455.927
4075,1801,5336.337
4076,525,2017.171
4077,2730,7631.290
4078,2817,8139.653
4101,729,2212.819
4102,346,1066.342
4103,776,2189.564
4104,332,1060.655
4105,900,2741.205
4106,159,828.455
4107,566,1830.283
4108,634,2351.442
4109,4815,13967.090
4110,1141,3738.840
4111,101,298.314
4112,1010,2878.713
4113,3168,9000.159
4114,1992,5214.340
4115,2558,7855.672
4116,3328,9754.612
4117,142,366.475
4118,3629,10503.052
4119,836,2611.051
4120,393,1148.468
4121,1862,5623.266
4122,3800,11113.824
4123,2237,6257.469
4124,2783,8603.859
4125,1179,3529.201
4127,2655,7660.420
4128,2027,5901.056
4129,754,2349.220
4130,1101,3583.750
4131,884,2440.713
4132,2261,6089.472
4133,1818,5074.993
4151,771,2560.634
4152,3866,11614.819
4153,512,1672.393
4154,1185,4031.488
4155,178,770.038
4156,419,1461.959
4157,2468,7155.001
4158,350,887.222
4159,2064,5688.247
4160,2492,6984.036
4161,2273,6164.528
4163,1655,4759.127
4164,1861,5717.123
4165,5174,13990.148
4169,340,1125.451
4170,1426,4614.921
4171,858,2864.999
4172,374,1213.209
4173,992,2763.945
4174,297,915.720
4178,2434,6681.515
4179,2003,5374.005
4183,322,800.364
4184,1435,3097.639
4205,698,1603.578
4207,5780,17268.541
4208,2226,6529.101
4209,3301,10767.183
4210,2197,6919.235
4211,6263,19615.810
4212,3079,9709.842
4213,3452,12845.848
4214,4126,12611.570
4215,2117,6198.638
4216,3489,9873.305
4217,1773,5938.850
4218,2336,7376.135
4219,16,76.825
4220,2543,7858.439
4221,2803,7448.051
4223,1721,5093.057
4224,423,1264.794
4225,184,580.138
4226,2965,8780.665
4227,1759,4999.782
4228,704,2392.526
4230,8,27.880
4237,1,0.920
4270,619,2027.781
4271,323,815.213
4272,672,1970.331
4275,457,1498.635
4276,1,3.300
4280,2420,7805.624
4285,2605,8710.270
4287,81,254.180
4300,4980,14666.140
4301,2378,6669.237
4303,293,705.863
4304,1662,4399.142
4305,6314,17461.094
4306,5266,16885.833
4307,226,798.004
4309,420,1337.701
4310,942,2805.468
4311,1438,4472.304
4312,543,1588.451
4313,415,1302.118
4340,701,2203.004
4341,2265,6969.033
4342,390,1291.600
4343,1275,4575.265
4344,319,1156.574
4345,1,1.520
4346,129,446.764
4347,187,661.380
4350,7217,21812.297
4352,3370,11513.715
4353,40,179.698
4354,152,456.877
4355,338,926.430
4356,524,1863.887
4357,283,966.616
4358,239,893.900
4359,147,492.514
4360,76,593.605
4361,280,1205.151
4362,367,1799.517
4363,105,306.863
4364,40,231.090
4365,59,261.116
4370,1871,7277.472
4371,120,400.170
4372,24,77.560
4373,118,438.990
4374,51,257.756
4375,25,100.620
4376,43,235.940
4377,84,455.382
4378,68,215.418
4380,980,3517.045
4381,82,319.366
4382,76,311.600
4383,74,223.401
4384,1,2.280
4385,105,364.359
4387,109,695.267
4388,58,250.825
4390,568,2428.780
4400,257,850.726
4401,540,1720.531
4402,36,122.665
4403,96,424.100
4404,43,199.188
4405,1097,4110.715
4406,104,413.940
4407,39,154.425
4408,73,208.656
4410,160,549.861
4411,36,127.540
4412,26,87.155
4413,550,1628.223
4415,174,560.061
4416,32,106.265
4417,79,248.065
4418,9,18.513
4419,80,248.023
4420,86,285.170
4421,131,383.265
4422,40,141.882
4423,9,24.870
4424,17,55.343
4425,10,33.623
4426,3,12.120
4427,54,162.257
4428,103,240.450
4454,103,335.240
4455,927,2475.449
4461,2,3.120
4462,8,12.530
4465,197,506.530
4467,27,79.060
4468,45,158.980
4470,275,1167.420
4472,108,411.955
4474,1,3.050
4477,52,228.148
4478,47,236.990
4480,45,204.330
4481,2,42.840
4482,5,37.815
4486,61,268.515
4487,265,1291.965
4488,36,120.370
4489,5,17.580
4490,168,671.481
4491,15,44.250
4492,28,131.904
4494,17,74.050
4496,27,128.940
4497,23,93.620
4498,15,61.840
4500,5055,16240.572
4501,639,1980.420
4502,1150,3542.888
4503,4311,13115.589
4504,2539,8382.932
4505,3238,10111.480
4506,2412,7553.261
4507,3438,8622.495
4508,2089,6090.150
4509,2889,8432.649
4510,5143,15645.600
4511,1638,4225.938
4512,506,1734.433
4514,1057,3453.249
4515,580,1912.368
4516,703,2356.540
4517,114,339.598
4518,791,2320.464
4519,1180,3423.942
4520,1968,6708.405
4521,718,2490.117
4550,634,1783.115
4551,7895,20427.852
4552,1650,5350.261
4553,858,2660.689
4554,236,794.823
4555,1062,2875.191
4556,5397,15044.782
4557,1737,5108.100
4558,1567,4173.876
4559,799,2627.787
4560,4067,11255.260
4561,1100,3763.799
4562,1140,3857.403
4563,1331,4032.969
4564,1311,4681.009
4565,1977,5370.967
4566,992,3096.493
4567,976,3128.074
4568,558,1719.520
4569,241,712.422
4570,5666,17385.800
4571,115,341.930
4572,191,557.653
4573,2518,7314.977
4574,168,495.098
4575,3252,9137.640
4580,1019,2572.350
4581,298,1061.068
4600,124,358.717
4601,116,345.755
4605,367,1238.607
4606,312,895.330
4608,93,293.608
4610,1397,4328.965
4611,17,70.908
4612,33,84.885
4613,79,224.565
4614,176,507.895
4615,937,2534.497
4620,43,103.855
4621,204,549.050
4625,320,1047.126
4626,240,913.760
4627,68,251.240
4630,188,620.530
4650,3670,11246.587
4655,8432,23662.107
4659,872,2420.863
4660,1183,3345.448
4662,75,222.727
4670,9796,29868.912
4671,770,2157.231
4673,89,281.401
4674,193,555.618
4676,35,63.815
4677,494,1535.067
4678,196,662.292
4680,5047,17841.544
4694,28,95.025
4695,120,413.851
4697,14,54.230
4699,41,114.297
4700,1213,3974.062
4701,3094,9946.463
4702,2295,7789.085
4703,2271,6978.135
4704,12,27.580
4705,28,77.435
4706,3,7.900
4707,21,72.025
4709,4,14.920
4710,427,1245.550
4711,283,990.280
4712,16,91.695
4713,7,33.780
4714,292,821.170
4715,565,2330.678
4716,90,348.420
4717,164,679.502
4718,180,745.838
4719,105,389.350
4720,1035,4631.557
4721,237,947.693
4722,167,679.334
4723,74,338.070
4724,32,116.000
4725,129,582.121
4726,27,97.455
4727,23,101.505
4728,29,163.450
4730,215,1151.417
4731,23,92.695
4732,14,56.500
4733,5,18.000
4735,57,272.715
4736,10,60.497
4737,803,2944.590
4738,123,474.177
4739,40,170.865
4740,5759,21469.754
4741,677,2594.014
4742,42,135.315
4743,11,78.880
4744,137,684.235
4745,27,134.260
4746,8,26.350
4750,414,1477.545
4751,389,1482.041
4753,353,1373.860
4754,187,678.225
4756,52,292.360
4757,24,82.046
4798,88,380.665
4799,151,578.175
4800,1133,4162.343
4802,569,2281.205
4803,1,1.480
4804,162,717.701
4805,930,3375.167
4806,348,1319.583
4807,1264,5142.650
4808,122,508.560
4809,107,419.967
4810,1297,5547.071
4811,1185,4413.791
4812,1323,5327.848
4814,4080,15830.949
4815,2605,8452.190
4816,952,3508.567
4817,3161,12118.122
4818,2963,11209.671
4819,271,951.195
4820,723,2704.269
4821,123,612.817
4822,56,277.865
4823,48,227.250
4824,110,574.910
4825,1250,5393.890
4828,2,34.560
4829,40,290.484
4830,35,649.273
4849,139,580.629
4850,1154,4248.223
4852,364,1549.332
4854,389,1762.547
4855,69,271.815
4856,76,321.175
4857,3,11.360
4858,106,445.960
4859,44,165.965
4860,617,2196.378
4861,82,306.750
4865,649,2255.369
4868,1476,4870.855
4869,1222,3981.780
4870,4275,15415.647
4871,774,3300.727
4872,348,1426.520
4873,638,2105.171
4874,7,38.455
4875,79,1090.111
4876,22,324.170
4877,290,1148.634
4878,981,3107.624
4879,1553,5273.007
4880,1251,4795.784
4881,371,1184.333
4882,302,954.576
4883,526,1628.013
4884,249,790.624
4885,347,1017.269
4886,47,214.161
4887,181,516.895
4888,228,682.500
4890,32,203.080
4891,23,95.400
4892,7,58.960
4895,189,651.204
5000,372,1855.146
5001,8,29.945
5006,333,1141.836
5007,524,1978.468
5008,1098,3559.453
5009,536,1880.000
5010,534,2027.958
5011,876,4702.808
5012,948,3102.858
5013,956,3381.025
5014,1101,3561.310
5015,551,1820.107
5016,991,2781.068
5017,452,1229.140
5018,907,2488.543
5019,1053,2858.413
5020,368,1128.158
5021,794,2413.547
5022,1673,4989.863
5023,1306,4056.322
5024,1440,4521.167
5025,797,2616.622
5031,714,2498.787
5032,1062,3850.449
5033,606,2254.051
5034,891,2913.922
5035,467,1455.841
5037,876,2726.623
5038,1215,3622.898
5039,804,2696.545
5040,261,858.374
5041,1174,3760.984
5042,1027,3438.538
5043,1539,4210.899
5044,1025,3204.864
5045,1147,3605.539
5046,775,2196.967
5047,831,2388.006
5048,1546,4293.427
5049,1228,3630.993
5050,684,2050.034
5051,1552,4932.085
5052,623,2011.607
5061,777,2980.276
5062,1417,5069.418
5063,899,3044.815
5064,911,3220.045
5065,865,2988.992
5066,1112,4055.843
5067,690,2614.522
5068,997,3564.315
5069,751,2647.795
5070,1210,3824.271
5071,3,14.160
5072,1208,4180.972
5073,1343,4389.016
5074,1118,3612.122
5075,1137,3323.195
5076,930,2933.770
5081,807,3002.299
5082,1302,4473.708
5083,630,1908.100
5084,654,2115.646
5085,1755,5124.152
5086,1663,4913.047
5087,997,3037.054
5088,347,1153.900
5089,752,2379.506
5090,1028,2616.926
5091,846,2408.653
5092,1959,5214.263
5093,1132,2914.221
5094,137,822.155
5095,1992,6467.928
5096,1760,5247.744
5097,1627,4462.503
5098,1704,4454.063
5106,26,338.800
5107,2009,6101.350
5108,3900,11332.757
5109,2382,6854.194
5110,887,3221.102
5111,9,177.590
5112,1697,4783.426
5113,1264,3432.404
5114,3446,10453.201
5115,640,2077.129
5116,1074,3092.551
5117,479,1922.689
5118,2341,7826.557
5120,307,1741.819
5121,262,1046.497
5125,2437,7451.547
5126,784,2204.107
5127,983,2736.905
5131,154,630.693
5132,64,315.549
5133,81,358.165
5134,63,339.710
5136,60,202.495
5137,79,433.945
5138,34,150.275
5139,55,269.535
5140,57,179.047
5141,121,411.466
5142,88,311.060
5144,54,236.104
5150,11,56.960
5151,43,161.865
5152,496,1776.954
5153,977,3906.499
5154,290,1044.427
5155,393,1301.368
5156,88,310.409
5157,501,1940.442
5158,3574,10058.813
5159,4390,12809.337
5160,80,1084.702
5161,1420,3615.073
5162,4445,12101.684
5163,1802,5254.450
5164,508,1296.401
5165,513,1481.406
5166,262,648.647
5167,774,1995.735
5168,694,1996.303
5169,2017,5695.460
5170,193,513.461
5171,1135,4773.597
5172,730,2541.060
5173,1856,5046.150
5174,440,1373.639
5175,1,0.300
5201,300,1218.821
5202,125,513.010
5203,217,757.677
5204,785,2294.121
5207,1,0.960
5210,307,1028.944
5211,3253,8865.197
5212,605,1393.443
5213,297,853.835
5214,2004,5239.444
5220,32,106.786
5221,66,213.591
5222,161,436.684
5223,462,1578.375
5231,174,581.350
5232,71,331.935
5233,193,749.726
5234,216,784.202
5235,432,1438.984
5236,51,177.493
5237,59,189.352
5238,941,2939.804
5240,78,418.296
5241,290,1048.902
5242,221,810.292
5243,112,518.325
5244,623,2443.548
5245,373,1456.539
5250,433,1738.700
5251,1706,6378.161
5252,791,2482.287
5253,2424,8732.630
5254,473,1736.005
5255,1386,4664.089
5256,293,791.030
5259,220,856.685
5260,278,942.282
5261,41,170.542
5262,26,150.544
5263,20,203.406
5264,200,872.212
5265,38,143.040
5266,60,220.935
5267,211,946.865
5268,427,1879.114
5269,21,113.225
5270,84,344.045
5271,703,3413.166
5272,75,324.464
5273,10,37.390
5275,330,1273.284
5276,209,904.149
5277,247,986.225
5278,41,175.630
5279,48,178.744
5280,829,3382.846
5290,1468,5313.783
5291,739,3267.431
5301,79,314.715
5302,119,469.370
5303,16,59.120
5304,88,367.595
5306,9,38.560
5307,89,302.130
5308,11,42.120
5309,17,67.810
5310,4,19.940
5311,38,156.600
5312,1,5.000
5320,174,641.575
5321,60,235.518
5322,155,654.026
5330,621,2660.037
5331,62,256.497
5332,68,273.077
5333,919,4079.332
5340,200,962.567
5341,945,4507.039
5342,166,943.553
5343,662,3513.442
5344,110,659.050
5345,517,2548.703
5346,50,261.249
5350,71,387.730
5351,926,3195.527
5352,757,3032.832
5353,560,2063.866
5354,126,358.137
5355,1065,3924.139
5356,126,508.991
5357,105,355.950
5360,173,665.240
5371,210,941.014
5372,274,899.566
5373,555,1733.910
5374,200,691.429
5381,66,199.035
5400,108,398.432
5401,95,326.185
5410,53,191.603
5411,51,192.225
5412,203,667.490
5413,118,455.090
5414,18,56.622
5415,26,105.695
5416,28,105.364
5417,177,715.515
5418,17,53.160
5419,26,93.990
5420,16,54.290
5421,12,54.000
5422,263,837.888
5431,165,631.625
5432,43,132.660
5433,289,1048.713
5434,73,257.580
5440,13,34.490
5451,132,528.970
5452,70,454.789
5453,667,2952.107
5454,45,221.100
5455,8,30.670
5460,103,344.338
5461,391,1247.295
5462,81,278.495
5464,62,233.400
5470,20,64.120
5471,8,29.800
5472,27,106.040
5473,134,435.320
5480,207,769.532
5481,99,388.437
5482,102,493.500
5483,62,231.450
5485,103,377.024
5490,30,110.490
5491,305,1197.473
5493,18,50.695
5495,123,459.775
5501,1150,4227.995
5502,243,792.426
5510,24,84.240
5520,87,276.310
5521,28,105.035
5522,414,1407.417
5523,270,979.981
5540,2071,7552.437
5550,106,347.315
5552,44,220.704
5554,717,2949.231
5555,113,358.453
5556,814,2462.446
5558,1139,3524.381
5560,95,402.141
5570,159,402.893
5571,461,1351.161
5572,33,124.750
5573,454,1600.447
5575,729,2127.523
5576,204,587.977
5577,102,330.929
5580,62,219.262
5581,197,587.171
5582,190,532.535
5583,280,776.257
5600,1284,4741.072
5601,50,217.725
5602,254,902.460
5603,82,290.868
5604,44,130.724
5605,341,1132.659
5606,1603,6523.895
5607,639,2539.457
5608,1470,5016.756
5609,228,976.315
5630,15,54.080
5631,170,779.539
5632,27,115.720
5633,29,133.480
5640,186,843.253
5641,144,531.842
5642,34,152.330
5650,18,76.160
5651,22,111.360
5652,77,365.785
5653,10,44.335
5654,45,175.070
5655,13,47.100
5660,3,14.975
5661,18,103.360
5670,55,264.015
5671,26,124.115
5680,389,1662.789
5690,408,1988.404
5700,1480,5917.699
5701,6,43.870
5710,443,1664.082
5720,3,5.060
5722,4,8.040
5723,9,127.196
5724,3,14.300
5725,137,878.960
5730,7,29.250
5731,10,172.520
5732,33,133.102
5733,9,70.000
5875,1,1.160
6000,136,561.826
6001,2,2.740
6003,53,186.037
6004,98,496.536
6005,50,341.482
6006,358,974.215
6007,261,681.965
6008,588,1749.609
6009,724,2260.192
6010,908,2450.774
6011,338,992.204
6012,349,1046.513
6013,1,0.375
6014,929,2632.380
6015,348,1169.992
6016,429,1113.252
6017,154,1205.478
6018,2379,5964.552
6019,867,2119.209
6020,1570,4203.140
6021,1192,3300.681
6022,539,1182.707
6023,1406,3571.437
6024,1386,3090.109
6025,2773,6805.889
6026,2485,5924.716
6027,3642,9330.251
6028,1900,5338.585
6029,173,473.476
6030,3601,8603.168
6031,1360,3813.360
6032,18,62.860
6033,40,328.155
6034,34,103.842
6035,838,2078.835
6036,986,2647.846
6037,348,886.029
6038,529,1375.746
6041,312,1083.348
6042,16,41.750
6043,37,87.450
6044,199,520.143
6050,648,1863.225
6051,441,1074.044
6052,575,1485.648
6053,954,2536.206
6054,1498,3593.447
6055,1516,4635.981
6056,3361,9027.876
6057,1705,4128.102
6058,1364,3075.620
6059,1505,3790.715
6060,844,1968.597
6061,1731,3534.996
6062,2330,5634.658
6063,1286,2969.240
6064,2422,5389.428
6065,6157,16991.849
6066,1726,4213.194
6068,8,31.095
6069,3458,9498.714
6070,360,856.138
6071,354,946.168
6072,103,233.793
6073,325,964.874
6074,126,318.832
6076,2176,5906.954
6077,71,343.895
6078,51,367.439
6081,472,1348.205
6082,335,912.493
6083,472,1381.454
6084,895,2960.667
6090,77,1807.285
6100,554,1397.078
6101,857,2189.772
6102,510,1251.623
6103,449,1094.455
6104,919,2524.419
6105,940,2651.584
6106,40,1305.585
6107,3288,7959.346
6108,2412,5257.405
6109,1161,2722.660
6110,3671,8705.279
6111,2115,5328.909
6112,4715,12282.547
6121,361,1321.567
6122,1415,4176.859
6123,165,562.420
6124,156,461.910
6125,355,1126.067
6126,33,112.515
6147,1391,2914.761
6148,1628,3807.813
6149,1861,4538.945
6150,1132,3046.324
6151,624,1743.134
6152,1372,3575.002
6153,1131,2988.857
6154,817,2314.606
6155,5708,14702.144
6156,1021,2455.257
6157,818,1900.670
6158,395,1008.726
6159,126,350.900
6160,436,1043.328
6161,3,9.200
6162,851,1816.631
6163,4174,10474.538
6164,5106,13167.782
6165,13,333.880
6166,703,2198.276
6167,2310,5588.287
6168,2589,5911.769
6169,4025,9396.850
6170,992,2548.593
6171,3288,8624.729
6172,1582,4151.474
6173,1112,3148.543
6174,246,633.157
6175,350,906.016
6176,69,237.760
6180,563,1435.925
6181,67,200.307
6207,111,314.725
6208,1817,4368.708
6209,255,680.200
6210,8919,20509.214
6211,911,2399.221
6213,77,226.863
6214,66,172.455
6215,399,1204.426
6218,53,151.720
6220,389,1299.166
6221,23,102.178
6223,15,47.445
6224,83,235.139
6225,911,2257.618
6226,94,299.674
6227,85,223.925
6228,12,28.750
6229,6,83.820
6230,3200,7702.964
6231,14,24.250
6232,1082,2394.546
6233,1793,4576.315
6236,219,585.955
6237,298,799.995
6239,529,1299.684
6240,27,67.770
6243,3,9.048
6244,94,225.995
6251,36,193.201
6252,11,32.810
6253,99,226.356
6254,33,102.755
6255,322,846.503
6256,15,29.145
6258,360,1094.664
6260,92,381.798
6262,64,201.750
6271,420,1162.406
6275,157,392.866
6280,2575,6283.536
6281,594,1685.755
6282,212,599.426
6284,126,374.299
6285,560,1724.128
6286,68,215.933
6288,44,217.664
6290,159,355.012
6302,420,1260.375
6304,242,628.725
6306,77,308.595
6308,102,317.030
6309,30,83.030
6311,54,153.557
6312,291,902.776
6313,21,66.890
6315,173,511.365
6316,37,102.244
6317,181,599.443
6318,29,96.001
6320,24,82.520
6321,16,71.113
6322,16,35.500
6323,68,198.794
6324,199,772.244
6326,42,112.736
6327,19,62.948
6328,25,84.420
6330,1934,5309.999
6331,2,5.590
6332,6,17.126
6333,496,1525.480
6335,48,183.480
6336,22,83.800
6337,17,45.604
6338,51,208.688
6341,10,32.538
6343,10,33.820
6346,22,155.757
6348,77,223.973
6350,26,79.905
6351,1,3.200
6352,10,80.450
6353,37,146.220
6355,14,73.190
6356,8,36.150
6357,7,33.100
6358,1,3.200
6359,25,217.620
6361,2,6.500
6363,12,28.820
6365,59,239.725
6367,14,82.040
6368,1,3.150
6369,39,145.330
6370,33,77.460
6372,17,52.240
6373,4,14.600
6375,111,382.046
6383,113,352.069
6384,1,3.200
6385,1,3.000
6386,4,11.500
6390,112,330.928
6391,63,240.401
6392,36,83.414
6393,13,41.260
6394,5,16.880
6395,103,321.359
6396,16,66.410
6397,10,49.560
6398,48,187.303
6401,565,1657.250
6403,17,47.760
6405,19,53.715
6407,60,239.135
6409,29,65.530
6410,88,312.962
6411,7,25.930
6413,2,6.750
6414,3,11.682
6415,237,844.702
6418,78,294.815
6419,4,14.680
6420,2,6.200
6421,4,17.366
6423,22,55.185
6424,1,6.000
6425,5,26.230
6426,36,177.850
6428,10,40.625
6429,23,68.295
6430,732,2478.846
6432,275,822.518
6433,5,13.820
6434,9,58.920
6436,7,16.935
6437,185,296.730
6438,30,95.075
6440,13,56.185
6442,35,121.365
6443,29,142.705
6445,1,5.880
6446,2,8.140
6447,1,1.900
6448,8,35.615
6450,530,1885.260
6460,52,147.446
6461,41,159.470
6462,3,9.308
6465,1,2.100
6466,5,17.820
6467,2,5.880
6468,8,31.175
6472,4,23.230
6473,5,9.880
6475,14,45.435
6476,2,4.650
6477,12,41.535
6479,36,111.790
6480,1,2.280
6485,43,88.085
6487,1,1.050
6488,8,25.370
6489,1,2.160
6490,13,41.475
6501,131,540.350
6502,179,547.446
6503,266,1239.356
6504,12,43.520
6505,13,37.823
6506,2,3.420
6507,40,127.805
6509,3,36.040
6510,161,596.875
6511,82,335.210
6512,1,1.520
6513,11,36.885
6514,86,308.245
6515,15,50.060
6516,204,655.380
6517,35,125.625
6518,21,95.300
6519,38,127.409
6521,24,106.330
6522,30,106.795
6525,369,1139.126
6528,35,109.275
6530,2422,7131.768
6531,8,36.000
6532,473,1542.005
6535,152,441.185
6536,130,576.152
6537,86,626.561
6556,220,604.967
6558,89,211.974
6560,122,281.900
6562,181,505.030
6564,55,132.855
6566,518,1276.316
6567,60,137.490
6568,13,64.110
6569,24,104.369
6571,3,13.660
6572,3,12.190
6574,2,3.120
6575,5,17.860
6603,48,135.342
6606,6,20.320
6608,7,19.800
6609,63,256.800
6612,13,56.840
6613,4,11.320
6616,6,14.520
6620,18,70.100
6623,37,187.976
6625,2,10.100
6627,2,8.088
6628,6,18.220
6630,29,134.690
6631,2,8.140
6632,6,18.900
6635,6,26.195
6638,42,164.365
6639,19,78.511
6640,17,71.620
6642,38,111.018
6643,1,0.960
6646,4,50.300
6701,212,2710.874
6705,15,79.736
6707,127,1769.788
6710,8,85.401
6713,10,51.750
6714,223,708.845
6716,3,14.180
6718,7,68.080
6720,3,7.510
6721,62,134.921
6722,107,281.980
6725,332,3501.022
6726,123,1321.451
6728,112,1816.370
6740,22,237.514
6743,195,1199.087
6751,9,64.173
6753,50,945.875
6754,2,13.230
6758,14,164.904
6760,33,168.092
6765,17,63.082
6770,13,112.197
6798,55,321.120
6799,4,22.220
6872,1,5.000
6901,2,6.120
6902,1,2.280
6904,1,1.920
6906,3,9.020
6907,2,8.132
6909,3,10.360
6910,1,1.500
6911,3,6.400
6912,4,6.030
6913,1,1.500
6914,2,3.260
6915,3,4.100
6916,3,8.250
6918,2,2.540
6920,2,6.200
6921,4,6.340
6922,6,10.480
6923,5,78.390
6924,4,11.000
6926,4,11.980
6929,1,1.520
6931,3,5.720
6933,5,11.785
6934,3,6.670
6935,1,1.490
6943,2,3.120
6944,3,37.030
6946,4,8.080
6951,2,3.100
6952,4,11.840
6953,4,9.935
6954,3,4.200
6955,12,26.230
6956,1,1.670
6957,3,7.240
6959,5,35.439
6963,4,8.065
6964,6,16.694
6966,4,53.310
6968,6,16.680
6979,2,4.560
6981,3,8.130
6982,2,3.500
6984,3,4.640
6985,4,12.350
6988,3,4.780
6989,2,6.520
6990,3,7.320
6991,6,15.370
6992,6,12.410
7000,503,1872.259
7001,4,94.360
7002,3,13.500
7004,351,863.815
7005,479,1579.797
7006,9,25.100
7007,164,592.878
7008,510,1516.429
7009,455,1373.543
7010,558,1809.383
7011,645,1808.604
7012,58,171.555
7015,482,1421.707
7016,78,199.929
7017,428,1507.831
7018,958,2885.202
7019,189,568.542
7020,207,716.583
7021,136,457.966
7022,64,203.240
7023,25,68.798
7024,54,152.423
7025,158,595.941
7026,56,176.591
7027,18,74.955
7030,768,2588.033
7050,621,2143.746
7051,21,81.660
7052,387,1264.928
7053,194,600.503
7054,634,2103.976
7055,19,62.370
7109,537,1736.844
7112,270,791.812
7113,81,277.250
7116,163,509.305
7117,75,251.740
7119,3,6.100
7120,99,363.026
7140,480,1771.022
7150,280,782.489
7155,102,312.794
7162,54,157.247
7163,34,149.607
7170,371,1626.398
7171,142,390.969
7172,208,658.898
7173,493,1350.621
7174,9,24.400
7175,10,24.570
7176,5,20.980
7177,25,86.180
7178,32,94.785
7179,40,105.750
7180,11,31.090
7182,18,62.660
7184,71,197.789
7185,7,15.606
7186,8,19.110
7187,9,37.730
7190,303,954.061
7209,19,70.430
7210,50,174.230
7211,1,3.040
7212,123,544.665
7213,24,73.060
7214,33,95.285
7215,319,1018.587
7216,298,1026.567
7248,481,1607.509
7249,423,1428.082
7250,2114,7268.370
7252,222,762.002
7253,255,1016.235
7254,40,135.660
7255,116,361.869
7256,208,1341.737
7258,67,418.600
7259,25,75.255
7260,192,748.164
7261,20,70.290
7262,127,404.847
7263,26,86.380
7264,42,128.885
7265,13,52.391
7267,64,234.290
7268,84,293.010
7270,423,1323.650
7275,248,837.738
7276,46,134.866
7277,391,1418.561
7290,97,343.066
7291,32,136.540
7292,25,100.885
7300,170,617.760
7301,224,732.795
7302,61,229.752
7303,176,635.531
7304,397,1459.560
7305,78,263.035
7306,243,875.250
7307,543,1988.132
7310,1123,3957.963
7315,704,2659.123
7316,331,1354.945
7320,471,1870.888
7321,226,859.119
7322,178,693.057
7325,413,1606.294
7330,208,1124.950
7331,15,66.475
7466,4,10.380
7467,50,251.650
7468,24,108.215
7469,32,112.645
7470,23,88.072
7802,1,2.450
8576,2,6.840
9729,1,0.875
